<?xml version="1.0" encoding="UTF-8"?>
<configurationDescriptor version="62">
  <logicalFolder name="root" displayName="root" projectFiles="true">
    <logicalFolder name="HeaderFiles"
                   displayName="Header Files"
                   projectFiles="true">
      <itemPath>../source/HardwareProfile.h</itemPath>
    </logicalFolder>
    <logicalFolder name="LibraryFiles"
                   displayName="Library Files"
                   projectFiles="true">
    </logicalFolder>
    <logicalFolder name="LinkerScript"
                   displayName="Linker Files"
                   projectFiles="true">
    </logicalFolder>
    <logicalFolder name="ObjectFiles"
                   displayName="Object Files"
                   projectFiles="true">
    </logicalFolder>
    <logicalFolder name="SourceFiles"
                   displayName="Source Files"
                   projectFiles="true">
      <itemPath>../source/i2c_master.c</itemPath>
    </logicalFolder>
    <logicalFolder name="ExternalFiles"
                   displayName="Important Files"
                   projectFiles="false">
      <itemPath>Makefile</itemPath>
    </logicalFolder>
  </logicalFolder>
  <projectmakefile>Makefile</projectmakefile>
  <confs>
    <conf name="default" type="2">
      <toolsSet>
        <developmentServer>localhost</developmentServer>
        <targetDevice>PIC32MX460F512L</targetDevice>
        <targetHeader></targetHeader>
        <platformTool>RealICEPlatformTool</platformTool>
        <languageToolchain>C32</languageToolchain>
        <languageToolchainVersion>2.00</languageToolchainVersion>
        <platform>3</platform>
      </toolsSet>
      <compileType>
        <linkerTool>
          <linkerLibItems>
          </linkerLibItems>
        </linkerTool>
      </compileType>
      <C32>
        <property key="additional-warnings" value="true"/>
        <property key="extra-include-directories"
                  value="../../../../../../../../../Projects/Peripheral Libs/Trunk/pic32-libs/include;../source;"/>
        <property key="preprocessor-macros" value="SYS_CLOCK=80000000"/>
        <property key="exclude-floating-point" value="false"/>
        <property key="make-warnings-into-errors" value="false"/>
        <property key="pre-instruction-scheduling" value="default"/>
        <property key="use-indirect-calls" value="false"/>
        <property key="strict-ansi" value="false"/>
        <property key="support-ansi" value="false"/>
        <property key="optimization-level" value=""/>
        <property key="place-data-into-section" value="false"/>
        <property key="post-instruction-scheduling" value="default"/>
        <property key="enable-omit-frame-pointer" value="false"/>
        <property key="enable-unroll-loops" value="false"/>
        <property key="generate-16-bit-code" value="false"/>
        <property key="isolate-each-function" value="false"/>
      </C32>
      <C32-AS>
        <property key="omit-debug-dirs" value="false"/>
        <property key="extra-include-directories-for-assembler" value="..;"/>
        <property key="preprocessor-macros" value=""/>
        <property key="exclude-floating-point-library" value="false"/>
        <property key="list-file" value=""/>
        <property key="list-assembly" value="false"/>
        <property key="list-source" value="false"/>
        <property key="extra-include-directories-for-preprocessor" value=""/>
        <property key="warning-level" value=""/>
        <property key="list-section-info" value="false"/>
        <property key="omit-forms" value="false"/>
        <property key="list-symbols" value="false"/>
        <property key="keep-locals" value="false"/>
        <property key="false-conditionals" value="false"/>
        <property key="expand-macros" value="false"/>
        <property key="assembler-symbols" value=""/>
      </C32-AS>
      <C32-LD>
        <property key="exclude-floating-point-library" value="false"/>
        <property key="optimization-level" value=""/>
        <property key="generate-16-bit-code" value="false"/>
        <property key="preprocessor-macros" value=""/>
        <property key="warn-section-align" value="false"/>
        <property key="heap-size" value=""/>
        <property key="no-startup-files" value="false"/>
        <property key="remove-unused-sections" value="false"/>
        <property key="stack-size" value=""/>
        <property key="linker-symbols" value=""/>
        <property key="trace-symbols" value=""/>
        <property key="map-file" value="&quot;$(BINDIR_)$(TARGETBASE).map&quot;"/>
        <property key="exclude-standard-libraries" value="false"/>
        <property key="generate-cross-reference-file" value="false"/>
        <property key="input-libraries" value=""/>
        <property key="enable-check-sections" value="false"/>
        <property key="symbol-stripping" value=""/>
        <property key="extra-lib-directories" value="..;"/>
      </C32-LD>
      <C32Global>
      </C32Global>
      <RealICEPlatformTool>
      </RealICEPlatformTool>
    </conf>
  </confs>
</configurationDescriptor>
